#
# This list is used to fix a few misspelled names in various git
# listings (e.g., "git log").  This can be used to fix incorrect
# attribution, poor display, or names showing up more than once.
# It also allows updating an old email addresses to a new one.
#
# See "man git-shortlog" for more information on the format.
#
# Keep file sorted using `M-x sort-lines'.
#
Alan Third <alan@idiocy.org>
Alan Third <alan@idiocy.org> <alan@breton-build.holly.idiocy.org>
Alexander Gramiak <agrambot@gmail.com>
Amin Bandali <bandali@gnu.org> <mab@gnu.org>
Andrea Corallo <akrl@sdf.org>
Andrea Corallo <akrl@sdf.org> <akrl@sdf.com>
Andrea Corallo <akrl@sdf.org> <andcor03@e112547.nice.arm.com>
Andrea Corallo <akrl@sdf.org> <andrea_corallo@yahoo.it>
Andrew G Cohen <cohen@andy.bu.edu>
Andrew G Cohen <cohen@andy.bu.edu> <cohen@bu.edu>
Arash Esbati <arash@gnu.org> <arash.esbati@gmail.com>
Arash Esbati <arash@gnu.org> <esbati@gmx.de>
Artur Malabarba <bruce.connor.am@gmail.com> <am12548@it055607.users.bris.ac.uk>
Bastien Guerry <bzg@gnu.org>
Carlos Pita <carlosjosepita@gmail.com>
Chong Yidong <cyd@gnu.org> <cyd@stupidchicken.com>
Christoph Scholtes <cschol2112@gmail.com>
Christoph Scholtes <cschol2112@gmail.com> <cschol2112@googlemail.com>
Clément Pit-Claudel <clement.pitclaudel@live.com>
Clément Pit-Claudel <clement.pitclaudel@live.com> <clement.pit@gmail.com>
Courtney Bane <emacs-bugs-7626@cbane.org>
Dan Nicolaescu <dann@ics.uci.edu> <dann@gnu.org>
Dan Nicolaescu <dann@ics.uci.edu> <done@ece.arizona.edu>
Daniel Colascione <dancol@dancol.org> <dan.colascione@gmail.com>
David Abrahams <dave@boostpro.com>
David M. Koppelman <koppel@ece.lsu.edu>
Deniz Dogan <deniz@dogan.se> <deniz.a.m.dogan@gmail.com>
Dick R. Chiang <dick.r.chiang@gmail.com>
Earl Hyatt <ej32u@protonmail.com>
Earl Hyatt <ej32u@protonmail.com> <okamsn@protonmail.com>
Edward M. Reingold <reingold@emr.cs.iit.edu>
Eli Zaretskii <eliz@gnu.org> <eliz@is.elta.co.il>
Emilio C. Lopes <eclig@gmx.net>
Enami Tsugutomo <tsugutomo.enami@jp.sony.com>
Era Eriksson <era+emacs@iki.fi> <era+emacsbugs@iki.fi>
Eric S. Raymond <esr@thyrsus.com> <esr@snark.thyrsus.com>
Etienne Prud’homme <e.e.f.prudhomme@gmail.com>
Fabián Ezequiel Gallina <fgallina@gnu.org> <fgallina@cuca>
Francis Litterio <flitterio@gmail.com>
Gabor Vida <vidagabor@gmail.com>
Gerd Möllmann <gerd@gnu.org>
Gerd Möllmann <gerd@gnu.org> <gerd.moellmann@gmail.com>
Glenn Morris <rgm@gnu.org>
Glenn Morris <rgm@gnu.org> <rgm@fencepost>
Glenn Morris <rgm@gnu.org> <rgm@stanford.edu>
Gnus developers <ding@gnus.org> <ding@gnus.org.noreply>
Gregory Heytings <gregory@heytings.org> <ghe@sdf.org>
Grégoire Jadi <daimrod@gmail.com>
Ian Dunn <dunni@gnu.org>
Jan Djärv <jan.h.d@swipnet.se>
Jan Djärv <jan.h.d@swipnet.se> <jhd@f20.localdomain>
Jason Rumney <jasonr@gnu.org> <jasonr@wanchan>
Jens Lechtenbörger <jens.lechtenboerger@fsfe.org>
Jim Blandy <jimb@red-bean.com> <jimb@redhat.com>
Jimmy Aguilar Mena <spacibba@aol.com>
Joakim Verona <joakim@verona.se>
Joakim Verona <joakim@verona.se> <root@exodia.verona.se>
John Wiegley <johnw@newartisans.com> <jwiegley@gmail.com>
Jose A. Ortega Ruiz <jao@gnu.org>
João Távora <joaotavora@gmail.com>
Juri Linkov <juri@linkov.net> <juri@jurta.org>
Jérémy Compostella <jeremy.compostella@gmail.com>
Jürgen Hötzel <juergen@archlinux.org>
Karl Fogel <kfogel@red-bean.com> <karl.fogel@canonical.com>
Kaushal Modi <kaushal.modi@gmail.com>
Kelvin White <kwhite@gnu.org>
Kenichi Handa <handa@gnu.org>
Kenichi Handa <handa@gnu.org> <handa@etlken>
Kenichi Handa <handa@gnu.org> <handa@m17n.org>
Kenjiro Nakayama <nakayamakenjiro@gmail.com>
Károly Lőrentey <lorentey@elte.hu>
Lars Ingebrigtsen <larsi@gnus.org>
Lars Ingebrigtsen <larsi@gnus.org> <larsi@emkay.local>
Lars Ingebrigtsen <larsi@gnus.org> <larsi@openbsd6.gnus.org>
Lars Ingebrigtsen <larsi@gnus.org> <larsi@quimbies.gnus.org>
Lars Ingebrigtsen <larsi@gnus.org> <larsi@stories.gnus.org>
Lin Sun <lin.sun@zoom.us>
Ludovic Courtès <ludo@gnu.org>
Martin Rudalics <rudalics@gmx.at>
Martin Rudalics <rudalics@gmx.at> <“rudalics@gmx.at”>
Matt Armstrong <matt@rfc20.org> <marmstrong@google.com>
Matt Armstrong <matt@rfc20.org> <matt@mdeb>
Mattias Engdegård <mattiase@acm.org>
Maxim Nikulin <manikulin@gmail.com>
Michael Albinus <michael.albinus@gmx.de> <albinus@detlef>
Michalis V <mvar.40k@gmail.com>
Miha Rihtaršič <miha@kamnitnik.top>
Nick Drozd <nicholasdrozd@gmail.com>
Nicolas Petton <nicolas@petton.fr> <petton.nicolas@gmail.com>
Nitish Chandra <nitishchandrachinta@gmail.com>
Noam Postavsky <npostavs@gmail.com> <npostavs@users.sourceforge.net>
Noam Postavsky <npostavs@gmail.com> <npostavs@users.sourceforget.net>
Paul Eggert <eggert@cs.ucla.edu> <eggert@Penguin.CS.UCLA.EDU>
Paul Eggert <eggert@cs.ucla.edu> <eggert@day>
Paul Eggert <eggert@cs.ucla.edu> <eggert@twinsun.com>
Paul Eggert <eggert@cs.ucla.edu> <eggert@union>
Peter J. Weisberg <pj@irregularexpressions.net>
Peter Oliver <p.d.oliver@mavit.org.uk> <bzr@mavit.org.uk>
Peter Oliver <p.d.oliver@mavit.org.uk> <git@mavit.org.uk>
Philip Kaludercic <philipk@posteo.net>
Philip Kaludercic <philipk@posteo.net> <philip.kaludercic@fau.de>
Philip Kaludercic <philipk@posteo.net> <philip@warpmail.net>
Philipp Stephani <phst@google.com>
Philipp Stephani <phst@google.com> Philipp Stephani <p.stephani2@gmail.com>
Phillip Lord <phillip.lord@russet.org.uk> <phillip.lord@newcastle.ac.uk>
Pierre Lorenzon <devel@pollock-nageoire.net>
Pieter van Oostrum <pieter@vanoostrum.org> <pieter-l@vanoostrum.org>
Pip Cet <pipcet@gmail.com>
Przemysław Wojnowski <esperanto@cumego.com>
Rasmus <rasmus@gmx.us>
Richard M. Stallman <rms@gnu.org>
Robert J. Chassell <bob@gnu.org> <bob@rattlesnake.com>
Ronnie Schnell <ronnie@driver-aces.com>
Ryan C. Thompson <rct@thompsonclan.org>
Simen Heggestøyl <simenheg@gmail.com>
Simen Heggestøyl <simenheg@gmail.com> <simenheg@ifi.uio.no>
Simon Josefsson <simon@josefsson.org> <jas@extundo.com>
Stefan Kangas <stefankangas@gmail.com> <stefan@marxist.se>
Stefan Monnier <monnier@iro.umontreal.ca> <monnier@IRO.UMontreal.CA>
Tassilo Horn <tsdh@gnu.org> <tassilo@member.fsf.org>
Ted Zlatanov <tzz@lifelogs.com>
Thien-Thi Nguyen <ttn@gnu.org> <ttn@gnuvola.org>
Thierry Volpiatto <thievol@posteo.net> <thierry.volpiatto@gmail.com>
Tino Calancha <ccalancha@suse.com> <f92capac@gmail.com>
Tino Calancha <ccalancha@suse.com> <tino.calancha@gmail.com>
Tom Tromey <tom@tromey.com> <tromey@redhat.com>
Ulf Jasper <ulf.jasper@web.de> <ulf@uthinkpad>
Ulrich Müller <ulm@gentoo.org>
Werner Lemberg <wl@gnu.org>
Wolfgang Scherer <wolfgang.scherer@gmx.de> <Wolfgang.Scherer@gmx.de>
Xi Lu <lx@shellcodes.org>
Xue Fuqiao <xfq.free@gmail.com> <xfq@gnu.org>
Óscar Fuentes <ofv@wanadoo.es>
İ. Göktuğ Kayaalp <self@gkayaalp.com>
Łukasz Stelmach <stlman@poczta.fm> <l.stelmach@samsung.com>
Łukasz Stelmach <stlman@poczta.fm> <lukasz.stelmach@iem.pw.edu.pl>
